{
"id":265,
"category":"Electronics",
"class_name":"tv",
"prefab_name":"PRE_ELE_TV_01",
"obj_transform":{
                  "position":[-1.704, 0.495, -8.825],
                  "rotation":[0.0, -0.7070805, 0.0, 0.7071332],
                  "scale":[0.531408548, 0.531408548, 0.531408548]
                  },
  "bounding_box": {
                    "center": [-1.70399857, 0.834420145, -8.825],
                    "size": [0.912024, 0.6788422, 0.1941805]
                  },
  "properties": ["HAS_SWITCH", "LOOKABLE", "HAS_PLUG"],
  "states": ["OFF"]
}
